"time"	"cell.id"	"cell.center.x"	"cell.center.y"	"cell.type"	"V"	"V_i"	"V_n"	"inf_by"
0	1	3	4	0	0	0	0.125	0
0	2	2	5	0	0	0	0.1428571429	0
0	3	0	4	0	0	0	0	0
0	4	4	2	0	0	0	0.2	0
0	5	2	3	0	0	0	0.1111111111	0
0	6	4	4	0	0	0	0.1428571429	0
0	7	1	1	0	0	0	0	0
0	8	3	5	0	0	0	0.1666666667	0
0	9	4	3	0	0	0	0.1428571429	0
0	10	4	5	1	1	0	0	0

1	1	3	4	0	0	0	0.1	0
1	2	2	5	0	0	0	0.1111111111	0
1	3	0.5	4	0	0	0	0	0
1	4	4	2	0	0	0	0.1666666667	0
1	5	2	3	0	0	0	0.09090909091	0
1	6	4	4	0	0	0	0.1111111111	0
1	7	1	1	0	0	0	0	0
1	8	3	5	0	0	0	0.125	0
1	9	3.5	3	0	0	0	0.125	0
1	10	4	5	1	1	0	0	0

2	1	3	4	0	0	0	0.08333333333	0
2	2	2	5	0	0	0	0.09090909091	0
2	3	0.6666666667	4.333333333	0	0	0	0.05263157895	0
2	4	4	2	0	0	0	0.1666666667	0
2	5	1.5	3	0	0	0	0.04761904762	0
2	6	4	4	0	0	0	0.1111111111	0
2	7	1	1	0	0	0	0	0
2	8	3	5	0	0	0	0.1	0
2	9	3.5	3	0	0	0	0.1052631579	0
2	10	4	5	1	1	0	0	0

3	1	3	4	0	0	0	0.08333333333	0
3	2	2	5	0	0	0	0.09090909091	0
3	3	1.333333333	4.333333333	0	0	0	0.08	0
3	4	4	2	0	0	0	0.1428571429	0
3	5	1.5	3	0	0	0	0.04545454545	0
3	6	4	4	0	0	0	0.1	0
3	7	1	0.5	0	0	0	0	0
3	8	3	5	0	0	0	0.09090909091	0
3	9	3.5	3	0	0	0	0.09523809524	0
3	10	4	5	1	1	0	0	0

4	1	2.5	4	0	0	0	0.08333333333	0
4	2	2	5	0	0	0	0.09090909091	0
4	3	1	4.5	0	0	0	0.05263157895	0
4	4	4	2	0	0	0	0.125	0
4	5	1.333333333	2.666666667	0	0	0	0.03333333333	0
4	6	4	4	0	0	0	0.1	0
4	7	1	0.5	0	0	0	0	0
4	8	3	5	0	0	0	0.09090909091	0
4	9	3.5	3	0	0	0	0.09090909091	0
4	10	4	5	1	1	0	0	0

5	1	2	3.5	0	0	0	0.07407407407	0
5	2	2	5	0	0	0	0.08333333333	0
5	3	0.6666666667	4.666666667	0	0	0	0.04166666667	0
5	4	4	2	0	0	0	0.125	0
5	5	1	2.5	0	0	0	0	0
5	6	4	4	0	0	0	0.1	0
5	7	1	0.5	0	0	0	0	0
5	8	3	5	0	0	0	0.08333333333	0
5	9	3.333333333	3.333333333	0	0	0	0.09677419355	0
5	10	4	5	1	1	0	0	0

6	1	2	3.5	0	0	0	0.06451612903	0
6	2	2	5	0	0	0	0.07142857143	0
6	3	0.5	4.5	0	0	0	0.03125	0
6	4	4	2	0	0	0	0.1111111111	0
6	5	1.333333333	2.333333333	0	0	0	0	0
6	6	3.5	4	0	0	0	0.08333333333	0
6	7	0.6666666667	0.3333333333	0	0	0	0	0
6	8	3	5	0	0	0	0.08333333333	0
6	9	3.5	3	0	0	0	0.08333333333	0
6	10	4	5	1	1	0	0	0

7	1	2	3.5	0	0	0	0.1176470588	0
7	2	1.5	5	0	0	0	0.125	0
7	3	0.5	4	0	0	0	0.02777777778	0
7	4	4	2	0	0	0	0.1818181818	0
7	5	1.5	1.5	0	0	0	0.02380952381	0
7	6	3	4	0	0	0	0.1333333333	0
7	7	1	0	0	0	0	0	0
7	8	3	5	0	0	0	0.1666666667	0
7	9	3.5	3	0	0	0	0.1538461538	0
7	10	4	4.5	1	1	0	0	0

8	1	2	3.5	0	0	0	0.1142857143	0
8	2	1.5	5	0	0	0	0.125	0
8	3	0.5	4	0	0	0	0.02702702703	0
8	4	4	2	0	0	0	0.1666666667	0
8	5	1.333333333	1.666666667	0	0	0	0.02564102564	0
8	6	3	3.5	0	0	0	0.1290322581	0
8	7	1.6	0.4	0	0	0	0	0
8	8	3	5	0	0	0	0.1666666667	0
8	9	4	3	0	0	0	0.1538461538	0
8	10	4	4.5	1	1	0	0	0

9	1	2	3.5	0	0	0	0.1081081081	0
9	2	1.5	5	0	0	0	0.125	0
9	3	0.3333333333	4.333333333	0	0	0	0.03703703704	0
9	4	4	2	0	0	0	0.1538461538	0
9	5	1	2	0	0	0	0	0
9	6	2.75	2.75	0	0	0	0.1016949153	0
9	7	1.6	0.4	0	0	0	0	0
9	8	3	5	0	0	0	0.1538461538	0
9	9	4	3	0	0	0	0.1428571429	0
9	10	4	4.5	1	1	0	0	0

10	1	2	3.5	0	0	0	0.05263157895	0
10	2	1.5	5	0	0	0	0.08333333333	0
10	3	0.3333333333	4.333333333	0	0	0	0	0
10	4	4	2	0	0	0	0.08333333333	0
10	5	0.75	2	0	0	0	0	0
10	6	2.666666667	2.333333333	0	0	0	0.02127659574	0
10	7	1.25	0.25	0	0	0	0	0
10	8	3	4.5	0	0	0	0.07407407407	0
10	9	4	3.5	0	0	0	0.08695652174	0
10	10	4	5	1	1	0	0	0

11	1	2.333333333	3.333333333	0	0	0.006422678441	0.1111111111	0
11	2	1	5	0	0	0	0.07692307692	0
11	3	0.25	4	0	0	0	0.02380952381	0
11	4	4	2	0	0	0.006422678441	0.1666666667	0
11	5	0.75	2	0	0	0	0	0
11	6	2.333333333	1.666666667	0	0	0	0.04347826087	0
11	7	1	0	0	0	0	0	0
11	8	2.666666667	4.666666667	0	0	0.05969945501	0.1578947368	0
11	9	4	3	0	0	0.07991516486	0.1538461538	0
11	10	4	4.5	1	1	0.6856498289	0	0

12	1	2.333333333	3.333333333	0	0	0.03810476026	0.1111111111	0
12	2	1	5	0	0	0.00609997477	0.07692307692	0
12	3	0.25	4	0	0	0.001466431709	0.02380952381	0
12	4	4	2	0	0	0.03630900725	0.1666666667	0
12	5	0.75	2	0	0	0.0003962301867	0	0
12	6	2.333333333	1.666666667	0	0	0.004816957289	0.04347826087	0
12	7	1	0	0	0	0	0	0
12	8	2.666666667	4.666666667	0	0	0.1608847947	0.1578947368	0
12	9	4	3	0	0	0.1846295112	0.1538461538	0
12	10	4	4.5	1	1	1.18736343	0	0

13	1	2.333333333	3.333333333	0	0	0.06733752739	0.1111111111	0
13	2	1	5	0	0	0.01876813658	0.07692307692	0
13	3	0.25	4	0	0	0.005513925618	0.02380952381	0
13	4	4	2	0	0	0.06230785689	0.1666666667	0
13	5	0.75	2	0	0	0.002311172802	0	0
13	6	2.333333333	1.666666667	0	0	0.01324711951	0.04347826087	0
13	7	1	0	0	0	0.0001227270917	0	0
13	8	2.666666667	4.666666667	0	0	0.2253634119	0.1578947368	0
13	9	4	3	0	0	0.2440553236	0.1538461538	0
13	10	4	4.5	1	1	1.41390654	0	0

14	1	2.333333333	3.333333333	0	0	0.08762045239	0.1111111111	0
14	2	1	5	0	0	0.03068090679	0.07692307692	0
14	3	0.25	4	0	0	0.01066063111	0.02380952381	0
14	4	4	2	0	0	0.07998521605	0.1666666667	0
14	5	0.75	2	0	0	0.005080985769	0	0
14	6	2.333333333	1.666666667	0	0	0.02093393052	0.04347826087	0
14	7	1	0	0	0	0.000600496636	0	0
14	8	2.666666667	4.666666667	0	0	0.2625370194	0.1578947368	0
14	9	4	3	0	0	0.2774114859	0.1538461538	0
14	10	4	4.5	1	1	1.5257373	0	0

15	1	2.333333333	3.333333333	0	0	0.1005140556	0.1111111111	0
15	2	1	5	0	0	0.03962849661	0.07692307692	0
15	3	0.25	4	0	0	0.01542808578	0.02380952381	0
15	4	4	2	0	0	0.09121367017	0.1666666667	0
15	5	0.75	2	0	0	0.007818007438	0	0
15	6	2.333333333	1.666666667	0	0	0.02672262927	0.04347826087	0
15	7	1	0	0	0	0.001367795606	0	0
15	8	2.666666667	4.666666667	0	0	0.2836050741	0.1578947368	0
15	9	4	3	0	0	0.2962642022	0.1538461538	0
15	10	4	4.5	1	1	1.583710048	0	0

16	1	2.333333333	3.333333333	0	0	0.1084476609	0.1111111111	0
16	2	1	5	0	0	0.04577557557	0.07692307692	0
16	3	0.25	4	0	0	0.01921215573	0.02380952381	0
16	4	4	2	0	0	0.09816599337	0.1666666667	0
16	5	0.75	2	0	0	0.01010357472	0	0
16	6	2.333333333	1.666666667	0	0	0.03074919948	0.04347826087	0
16	7	1	0	0	0	0.002231383566	0	0
16	9	4	3	0	0	0.3070104398	0.1538461538	0
16	10	4	4.5	1	1	1.614740998	0.3	0
16	8	2.666666667	4.666666667	1	1	0.8867205157	0.1578947368	0

17	1	2.333333333	3.333333333	0	0	0.2300349068	0.2777777778	0
17	2	1	5	0	0	0.1777208755	0.3076923077	0
17	3	0.25	4	0	0	0.03892732506	0.2142857143	0
17	4	4	2	0	0	0.1054616456	0.25	0
17	5	0.75	2	0	0	0.01336541896	0.07547169811	0
17	6	2.333333333	1.666666667	0	0	0.03951871516	0.1304347826	0
17	7	1	0	0	0	0.003040185285	0	0
17	9	4	3	0	0	0.3455893886	0.3846153846	0
17	10	4	4.5	1	1	1.937151532	0.3	0
17	8	2.666666667	4.666666667	1	1	2.141084522	0.1578947368	0

18	1	2.333333333	3.333333333	0	0	0.3098757031	0.2777777778	0
18	2	1	5	0	0	0.2724577294	0.3076923077	0
18	3	0.25	4	0	0	0.07303201661	0.2142857143	0
18	4	4	2	0	0	0.1243907209	0.25	0
18	6	2.333333333	1.666666667	0	0	0.05469926811	0.1304347826	0
18	7	1	0	0	0	0.0038614887	0	0
18	9	4	3	0	0	0.4019066273	0.3846153846	0
18	10	4	4.5	1	1	2.208564794	0.3	0
18	8	2.666666667	4.666666667	1	1	2.634875944	0.2631578947	0
18	5	0.75	2	1	1	0.0918099131	0.07547169811	0

19	1	2.333333333	3.333333333	0	0	0.4098342412	0.462962963	0
19	2	1	5	0	0	0.3425937602	0.4615384615	0
19	3	0.25	4	0	0	0.1990880763	0.5238095238	0
19	4	4	2	0	0	0.1448380185	0.3333333333	0
19	7	1	0	0	0	0.07139391194	0.4761904762	0
19	10	4	4.5	1	1	2.37195432	0.5	0
19	8	2.666666667	4.666666667	1	1	2.884578393	0.4473684211	0
19	5	0.75	2	1	1	1.683115063	0.320754717	0
19	6	2.333333333	1.666666667	1	1	0.4895448397	0.4565217391	0
19	9	4	3	1	1	0.4453899839	0.6923076923	0

20	2	1	5	0	0	0.4005081479	0.4615384615	0
20	3	0.25	4	0	0	0.2982797955	0.6428571429	0
20	7	1	0	0	0	0.1992161767	0.8571428571	0
20	10	4	4.5	1	1	2.597982218	0.9	0
20	8	2.666666667	4.666666667	1	1	3.099187472	0.7105263158	0
20	5	0.75	2	1	1	2.612221375	0.5283018868	0
20	6	2.333333333	1.666666667	1	1	1.750508355	0.7173913043	0
20	9	4	3	1	1	0.7950810284	1	0
20	1	2.333333333	3.333333333	1	1	1.821102859	0.7407407407	0
20	4	4	2	1	1	0.3909807217	0.9166666667	0

21	2	1	5	0	0	0.4803495447	0.6923076923	0
21	3	0.25	4	0	0	0.4086626028	0.880952381	0
21	7	1	0	0	0	0.30491804	0.9523809524	0
21	10	4	4.5	1	1	2.836003291	0.9	0
21	8	2.666666667	4.666666667	1	1	3.656989305	0.7105263158	0
21	5	0.75	2	1	1	3.323830741	0.5283018868	0
21	6	2.333333333	1.666666667	1	1	2.625962855	0.7173913043	0
21	9	4	3	1	1	1.16750696	1	0
21	1	2.333333333	3.333333333	1	1	3.219073429	0.7407407407	0
21	4	4	2	1	1	0.8585580774	0.9166666667	0

22	3	0.25	4	0	0	0.4983801639	0.880952381	0
22	7	1	0	0	0	0.382451009	0.9523809524	0
22	10	4	4.5	1	1	3.078167363	0.95	0
22	8	2.666666667	4.666666667	1	1	4.056674956	0.7894736842	0
22	5	0.75	2	1	1	3.797645132	0.5660377358	0
22	6	2.333333333	1.666666667	1	1	3.132662129	0.7173913043	0
22	9	4	3	1	1	1.381093043	1	0
22	1	2.333333333	3.333333333	1	1	3.805146155	0.7962962963	0
22	4	4	2	1	1	1.068649662	0.9166666667	0
22	2	1	5	1	1	0.5674951882	0.6923076923	0

23	7	1	0	0	0	0.438618755	0.9523809524	0
23	10	4	4.5	1	1	3.255179903	1	0
23	8	2.666666667	4.666666667	1	1	4.441297495	1	0
23	5	0.75	2	1	1	4.109971169	0.8113207547	0
23	6	2.333333333	1.666666667	1	1	3.419301616	0.8260869565	0
23	9	4	3	1	1	1.498512982	1	0
23	1	2.333333333	3.333333333	1	1	4.147488435	0.9814814815	0
23	4	4	2	1	1	1.182892166	0.9166666667	0
23	2	1	5	1	1	0.9141021272	1	0
23	3	0.25	4	1	1	2.503391658	0.9761904762	0

24	10	4	4.5	1	1	3.381331956	1	0
24	8	2.666666667	4.666666667	1	1	4.763883888	1	0
24	5	0.75	2	1	1	4.710548459	1	0
24	6	2.333333333	1.666666667	1	1	3.59681935	1	0
24	9	4	3	1	1	1.566044579	1	0
24	1	2.333333333	3.333333333	1	1	4.523440191	1	0
24	4	4	2	1	1	1.248089732	1	0
24	2	1	5	1	1	1.294059225	1	0
24	3	0.25	4	1	1	4.835303785	1	0
24	7	1	0	1	1	1.434083753	1	0

25	10	4	4.5	1	1	3.477197109	1	0
25	8	2.666666667	4.666666667	1	1	5.048213064	1	0
25	5	0.75	2	1	1	5.359570662	1	0
25	6	2.333333333	1.666666667	1	1	3.890753351	1	0
25	9	4	3	1	1	1.610997524	1	0
25	1	2.333333333	3.333333333	1	1	4.81786984	1	0
25	4	4	2	1	1	1.28795633	1	0
25	2	1	5	1	1	1.546862046	1	0
25	3	0.25	4	1	1	5.975015713	1	0
25	7	1	0	1	1	2.983714207	1	0

26	10	4	4.5	1	1	3.552216595	1	0
26	8	2.666666667	4.666666667	1	1	5.253996409	1	0
26	5	0.75	2	1	1	5.877776644	1	0
26	6	2.333333333	1.666666667	1	1	4.1461056	1	0
26	9	4	3	1	1	1.644397469	1	0
26	1	2.333333333	3.333333333	1	1	5.028836509	1	0
26	4	4	2	1	1	1.320475511	1	0
26	2	1	5	1	1	1.693037029	1	0
26	3	0.25	4	1	1	6.592480449	1	0
26	7	1	0	1	1	3.673994901	1	0

27	10	4	4.5	1	1	3.60937785	1	0
27	8	2.666666667	4.666666667	1	1	5.39307499	1	0
27	5	0.75	2	1	1	6.223160382	1	0
27	6	2.333333333	1.666666667	1	1	4.326305654	1	0
27	9	4	3	1	1	1.671228824	1	0
27	1	2.333333333	3.333333333	1	1	5.176869009	1	0
27	4	4	2	1	1	1.349759371	1	0
27	2	1	5	1	1	1.776925057	1	0
27	3	0.25	4	1	1	6.948623743	1	0
27	7	1	0	1	1	4.033522948	1	0

28	10	4	4.5	1	1	3.651561546	1	0
28	8	2.666666667	4.666666667	1	1	5.485044606	1	0
28	5	0.75	2	1	1	6.440648598	1	0
28	6	2.333333333	1.666666667	1	1	4.445890757	1	0
28	9	4	3	1	1	1.692308895	1	0
28	1	2.333333333	3.333333333	1	1	5.27757773	1	0
28	4	4	2	1	1	1.373215586	1	0
28	2	1	5	1	1	1.825963415	1	0
28	3	0.25	4	1	1	7.160281836	1	0
28	7	1	0	1	1	4.233574791	1	0

29	10	4	4.5	1	1	3.681769083	1	0
29	8	2.666666667	4.666666667	1	1	5.545395563	1	0
29	5	0.75	2	1	1	6.574805591	1	0
29	6	2.333333333	1.666666667	1	1	4.523305348	1	0
29	9	4	3	1	1	1.707969876	1	0
29	1	2.333333333	3.333333333	1	1	5.344452121	1	0
29	4	4	2	1	1	1.390488156	1	0
29	2	1	5	1	1	1.855242713	1	0
29	3	0.25	4	1	1	7.287860549	1	0
29	7	1	0	1	1	4.348893132	1	0

30	10	4	4.5	1	1	3.7028499	1	0
30	8	2.666666667	4.666666667	1	1	5.584820082	1	0
30	5	0.75	2	1	1	6.656983204	1	0
30	6	2.333333333	1.666666667	1	1	4.5728023	1	0
30	9	4	3	1	1	1.719082724	1	0
30	1	2.333333333	3.333333333	1	1	5.388138607	1	0
30	4	4	2	1	1	1.402581506	1	0
30	2	1	5	1	1	1.87301553	1	0
30	3	0.25	4	1	1	7.365389472	1	0
30	7	1	0	1	1	4.416809149	1	0

31	10	4	4.5	1	1	3.717257887	1	0
31	8	2.666666667	4.666666667	1	1	5.610466444	1	0
31	5	0.75	2	1	1	6.707259706	1	0
31	6	2.333333333	1.666666667	1	1	4.604227654	1	0
31	9	4	3	1	1	1.726716126	1	0
31	1	2.333333333	3.333333333	1	1	5.416371071	1	0
31	4	4	2	1	1	1.41078608	1	0
31	2	1	5	1	1	1.883927024	1	0
31	3	0.25	4	1	1	7.412776415	1	0
31	7	1	0	1	1	4.457379393	1	0

32	10	4	4.5	1	1	3.726943813	1	0
32	8	2.666666667	4.666666667	1	1	5.627078837	1	0
32	5	0.75	2	1	1	6.73805953	1	0
32	6	2.333333333	1.666666667	1	1	4.624094887	1	0
32	9	4	3	1	1	1.731842384	1	0
32	1	2.333333333	3.333333333	1	1	5.434485264	1	0
32	4	4	2	1	1	1.416238272	1	0
32	2	1	5	1	1	1.890676451	1	0
32	3	0.25	4	1	1	7.441873822	1	0
32	7	1	0	1	1	4.481857612	1	0

33	10	4	4.5	1	1	3.733370786	1	0
33	8	2.666666667	4.666666667	1	1	5.637794901	1	0
33	5	0.75	2	1	1	6.756972396	1	0
33	6	2.333333333	1.666666667	1	1	4.636621775	1	0
33	9	4	3	1	1	1.735230547	1	0
33	1	2.333333333	3.333333333	1	1	5.446050021	1	0
33	4	4	2	1	1	1.419810312	1	0
33	2	1	5	1	1	1.894871999	1	0
33	3	0.25	4	1	1	7.459809708	1	0
33	7	1	0	1	1	4.496735933	1	0

34	10	4	4.5	1	1	3.737591383	1	0
34	8	2.666666667	4.666666667	1	1	5.644680937	1	0
34	5	0.75	2	1	1	6.768617223	1	0
34	6	2.333333333	1.666666667	1	1	4.644507043	1	0
34	9	4	3	1	1	1.737444336	1	0
34	1	2.333333333	3.333333333	1	1	5.453407413	1	0
34	4	4	2	1	1	1.422127089	1	0
34	2	1	5	1	1	1.897488588	1	0
34	3	0.25	4	1	1	7.470901667	1	0
34	7	1	0	1	1	4.505830499	1	0

35	10	4	4.5	1	1	3.740340261	1	0
35	8	2.666666667	4.666666667	1	1	5.649090679	1	0
35	5	0.75	2	1	1	6.775806119	1	0
35	6	2.333333333	1.666666667	1	1	4.64946517	1	0
35	9	4	3	1	1	1.738878572	1	0
35	1	2.333333333	3.333333333	1	1	5.458076019	1	0
35	4	4	2	1	1	1.423618718	1	0
35	2	1	5	1	1	1.89912409	1	0
35	3	0.25	4	1	1	7.477780145	1	0
35	7	1	0	1	1	4.511414502	1	0

36	10	4	4.5	1	1	3.742118792	1	0
36	8	2.666666667	4.666666667	1	1	5.651906196	1	0
36	5	0.75	2	1	1	6.780255089	1	0
36	6	2.333333333	1.666666667	1	1	4.652580559	1	0
36	9	4	3	1	1	1.739801827	1	0
36	1	2.333333333	3.333333333	1	1	5.461032665	1	0
36	4	4	2	1	1	1.424573839	1	0
36	2	1	5	1	1	1.900147946	1	0
36	3	0.25	4	1	1	7.482055622	1	0
36	7	1	0	1	1	4.514855383	1	0

37	10	4	4.5	1	1	3.743263382	1	0
37	8	2.666666667	4.666666667	1	1	5.653699225	1	0
37	5	0.75	2	1	1	6.783014464	1	0
37	6	2.333333333	1.666666667	1	1	4.65453718	1	0
37	9	4	3	1	1	1.740393231	1	0
37	1	2.333333333	3.333333333	1	1	5.462902273	1	0
37	4	4	2	1	1	1.425182884	1	0
37	2	1	5	1	1	1.9007896	1	0
37	3	0.25	4	1	1	7.484718298	1	0
37	7	1	0	1	1	4.516981914	1	0

38	10	4	4.5	1	1	3.743996814	1	0
38	8	2.666666667	4.666666667	1	1	5.654838603	1	0
38	5	0.75	2	1	1	6.784729187	1	0
38	6	2.333333333	1.666666667	1	1	4.655765666	1	0
38	9	4	3	1	1	1.740770611	1	0
38	1	2.333333333	3.333333333	1	1	5.464083077	1	0
38	4	4	2	1	1	1.425570008	1	0
38	2	1	5	1	1	1.901192041	1	0
38	3	0.25	4	1	1	7.486379221	1	0
38	7	1	0	1	1	4.518299359	1	0

39	10	4	4.5	1	1	3.744465133	1	0
39	8	2.666666667	4.666666667	1	1	5.655561279	1	0
39	5	0.75	2	1	1	6.785796505	1	0
39	6	2.333333333	1.666666667	1	1	4.656536836	1	0
39	9	4	3	1	1	1.741010689	1	0
39	1	2.333333333	3.333333333	1	1	5.464828122	1	0
39	4	4	2	1	1	1.425815459	1	0
39	2	1	5	1	1	1.901444591	1	0
39	3	0.25	4	1	1	7.487416641	1	0
39	7	1	0	1	1	4.519117217	1	0

40	10	4	4.5	1	1	3.74476331	1	0
40	8	2.666666667	4.666666667	1	1	5.656018939	1	0
40	5	0.75	2	1	1	6.786461783	1	0
40	6	2.333333333	1.666666667	1	1	4.657020871	1	0
40	9	4	3	1	1	1.741163051	1	0
40	1	2.333333333	3.333333333	1	1	5.465297846	1	0
40	4	4	2	1	1	1.42597078	1	0
40	2	1	5	1	1	1.90160314	1	0
40	3	0.25	4	1	1	7.48806532	1	0
40	7	1	0	1	1	4.519625804	1	0

41	10	4	4.5	1	1	3.744952711	1	0
41	8	2.666666667	4.666666667	1	1	5.656308386	1	0
41	5	0.75	2	1	1	6.786876955	1	0
41	6	2.333333333	1.666666667	1	1	4.65732466	1	0
41	9	4	3	1	1	1.741259558	1	0
41	1	2.333333333	3.333333333	1	1	5.465593797	1	0
41	4	4	2	1	1	1.426068914	1	0
41	2	1	5	1	1	1.901702705	1	0
41	3	0.25	4	1	1	7.488471283	1	0
41	7	1	0	1	1	4.519942527	1	0

42	10	4	4.5	1	1	3.745072785	1	0
42	8	2.666666667	4.666666667	1	1	5.656491245	1	0
42	5	0.75	2	1	1	6.787136305	1	0
42	6	2.333333333	1.666666667	1	1	4.657515316	1	0
42	9	4	3	1	1	1.741320589	1	0
42	1	2.333333333	3.333333333	1	1	5.46578016	1	0
42	4	4	2	1	1	1.426130839	1	0
42	2	1	5	1	1	1.901765241	1	0
42	3	0.25	4	1	1	7.488725528	1	0
42	7	1	0	1	1	4.520140007	1	0

43	10	4	4.5	1	1	3.745148786	1	0
43	8	2.666666667	4.666666667	1	1	5.656606657	1	0
43	5	0.75	2	1	1	6.787298453	1	0
43	6	2.333333333	1.666666667	1	1	4.657634969	1	0
43	9	4	3	1	1	1.741359136	1	0
43	1	2.333333333	3.333333333	1	1	5.465897462	1	0
43	4	4	2	1	1	1.426169877	1	0
43	2	1	5	1	1	1.901804525	1	0
43	3	0.25	4	1	1	7.488884846	1	0
43	7	1	0	1	1	4.520263265	1	0

44	10	4	4.5	1	1	3.745196827	1	0
44	8	2.666666667	4.666666667	1	1	5.656679444	1	0
44	5	0.75	2	1	1	6.7873999	1	0
44	6	2.333333333	1.666666667	1	1	4.657710061	1	0
44	9	4	3	1	1	1.741383457	1	0
44	1	2.333333333	3.333333333	1	1	5.465971267	1	0
44	4	4	2	1	1	1.426194467	1	0
44	2	1	5	1	1	1.901829204	1	0
44	3	0.25	4	1	1	7.488984727	1	0
44	7	1	0	1	1	4.520340264	1	0

45	10	4	4.5	1	1	3.745227161	1	0
45	8	2.666666667	4.666666667	1	1	5.656725317	1	0
45	5	0.75	2	1	1	6.787463406	1	0
45	6	2.333333333	1.666666667	1	1	4.657757188	1	0
45	9	4	3	1	1	1.741398789	1	0
45	1	2.333333333	3.333333333	1	1	5.466017689	1	0
45	4	4	2	1	1	1.426209947	1	0
45	2	1	5	1	1	1.901844709	1	0
45	3	0.25	4	1	1	7.489047366	1	0
45	7	1	0	1	1	4.520388402	1	0

46	10	4	4.5	1	1	3.745246298	1	0
46	8	2.666666667	4.666666667	1	1	5.656754212	1	0
46	5	0.75	2	1	1	6.787503182	1	0
46	6	2.333333333	1.666666667	1	1	4.657786765	1	0
46	9	4	3	1	1	1.741408447	1	0
46	1	2.333333333	3.333333333	1	1	5.46604688	1	0
46	4	4	2	1	1	1.426219687	1	0
46	2	1	5	1	1	1.90185445	1	0
46	3	0.25	4	1	1	7.489086662	1	0
46	7	1	0	1	1	4.520418514	1	0

47	10	4	4.5	1	1	3.74525836	1	0
47	8	2.666666667	4.666666667	1	1	5.656772403	1	0
47	5	0.75	2	1	1	6.787528104	1	0
47	6	2.333333333	1.666666667	1	1	4.657805328	1	0
47	9	4	3	1	1	1.741414528	1	0
47	1	2.333333333	3.333333333	1	1	5.466065232	1	0
47	4	4	2	1	1	1.426225812	1	0
47	2	1	5	1	1	1.90186057	1	0
47	3	0.25	4	1	1	7.489111319	1	0
47	7	1	0	1	1	4.520437361	1	0

48	10	4	4.5	1	1	3.74526596	1	0
48	8	2.666666667	4.666666667	1	1	5.656783852	1	0
48	5	0.75	2	1	1	6.787543725	1	0
48	6	2.333333333	1.666666667	1	1	4.657816979	1	0
48	9	4	3	1	1	1.741418355	1	0
48	1	2.333333333	3.333333333	1	1	5.466076767	1	0
48	4	4	2	1	1	1.426229663	1	0
48	2	1	5	1	1	1.901864415	1	0
48	3	0.25	4	1	1	7.489126793	1	0
48	7	1	0	1	1	4.520449163	1	0

49	10	4	4.5	1	1	3.745270744	1	0
49	8	2.666666667	4.666666667	1	1	5.656791055	1	0
49	5	0.75	2	1	1	6.787553518	1	0
49	6	2.333333333	1.666666667	1	1	4.657824291	1	0
49	9	4	3	1	1	1.741420762	1	0
49	1	2.333333333	3.333333333	1	1	5.466084016	1	0
49	4	4	2	1	1	1.426232084	1	0
49	2	1	5	1	1	1.90186683	1	0
49	3	0.25	4	1	1	7.489136506	1	0
49	7	1	0	1	1	4.520456556	1	0

50	10	4	4.5	1	1	3.745273755	1	0
50	8	2.666666667	4.666666667	1	1	5.656795585	1	0
50	5	0.75	2	1	1	6.78755966	1	0
50	6	2.333333333	1.666666667	1	1	4.657828881	1	0
50	9	4	3	1	1	1.741422276	1	0
50	1	2.333333333	3.333333333	1	1	5.466088571	1	0
50	4	4	2	1	1	1.426233605	1	0
50	2	1	5	1	1	1.901868348	1	0
50	3	0.25	4	1	1	7.489142603	1	0
50	7	1	0	1	1	4.520461189	1	0

51	10	4	4.5	1	1	3.74527565	1	0
51	8	2.666666667	4.666666667	1	1	5.656798433	1	0
51	5	0.75	2	1	1	6.787563512	1	0
51	6	2.333333333	1.666666667	1	1	4.657831762	1	0
51	9	4	3	1	1	1.741423227	1	0
51	1	2.333333333	3.333333333	1	1	5.466091433	1	0
51	4	4	2	1	1	1.42623456	1	0
51	2	1	5	1	1	1.901869301	1	0
51	3	0.25	4	1	1	7.48914643	1	0
51	7	1	0	1	1	4.520464093	1	0

52	10	4	4.5	1	1	3.745276841	1	0
52	8	2.666666667	4.666666667	1	1	5.656800224	1	0
52	5	0.75	2	1	1	6.787565929	1	0
52	6	2.333333333	1.666666667	1	1	4.65783357	1	0
52	9	4	3	1	1	1.741423826	1	0
52	1	2.333333333	3.333333333	1	1	5.466093231	1	0
52	4	4	2	1	1	1.426235161	1	0
52	2	1	5	1	1	1.9018699	1	0
52	3	0.25	4	1	1	7.489148833	1	0
52	7	1	0	1	1	4.520465913	1	0

53	10	4	4.5	1	1	3.74527759	1	0
53	8	2.666666667	4.666666667	1	1	5.656801349	1	0
53	5	0.75	2	1	1	6.787567445	1	0
53	6	2.333333333	1.666666667	1	1	4.657834706	1	0
53	9	4	3	1	1	1.741424201	1	0
53	1	2.333333333	3.333333333	1	1	5.466094361	1	0
53	4	4	2	1	1	1.426235538	1	0
53	2	1	5	1	1	1.901870276	1	0
53	3	0.25	4	1	1	7.489150342	1	0
53	7	1	0	1	1	4.520467055	1	0

54	10	4	4.5	1	1	3.745278061	1	0
54	8	2.666666667	4.666666667	1	1	5.656802056	1	0
54	5	0.75	2	1	1	6.787568396	1	0
54	6	2.333333333	1.666666667	1	1	4.657835418	1	0
54	9	4	3	1	1	1.741424438	1	0
54	1	2.333333333	3.333333333	1	1	5.46609507	1	0
54	4	4	2	1	1	1.426235775	1	0
54	2	1	5	1	1	1.901870512	1	0
54	3	0.25	4	1	1	7.48915129	1	0
54	7	1	0	1	1	4.520467771	1	0

55	10	4	4.5	1	1	3.745278357	1	0
55	8	2.666666667	4.666666667	1	1	5.656802501	1	0
55	5	0.75	2	1	1	6.787568993	1	0
55	6	2.333333333	1.666666667	1	1	4.657835865	1	0
55	9	4	3	1	1	1.741424586	1	0
55	1	2.333333333	3.333333333	1	1	5.466095516	1	0
55	4	4	2	1	1	1.426235923	1	0
55	2	1	5	1	1	1.901870661	1	0
55	3	0.25	4	1	1	7.489151884	1	0
55	7	1	0	1	1	4.52046822	1	0

56	10	4	4.5	1	1	3.745278543	1	0
56	8	2.666666667	4.666666667	1	1	5.65680278	1	0
56	5	0.75	2	1	1	6.787569368	1	0
56	6	2.333333333	1.666666667	1	1	4.657836146	1	0
56	9	4	3	1	1	1.741424679	1	0
56	1	2.333333333	3.333333333	1	1	5.466095796	1	0
56	4	4	2	1	1	1.426236017	1	0
56	2	1	5	1	1	1.901870754	1	0
56	3	0.25	4	1	1	7.489152258	1	0
56	7	1	0	1	1	4.520468502	1	0

57	10	4	4.5	1	1	3.74527866	1	0
57	8	2.666666667	4.666666667	1	1	5.656802955	1	0
57	5	0.75	2	1	1	6.787569603	1	0
57	6	2.333333333	1.666666667	1	1	4.657836323	1	0
57	9	4	3	1	1	1.741424738	1	0
57	1	2.333333333	3.333333333	1	1	5.466095972	1	0
57	4	4	2	1	1	1.426236075	1	0
57	2	1	5	1	1	1.901870812	1	0
57	3	0.25	4	1	1	7.489152492	1	0
57	7	1	0	1	1	4.520468678	1	0

58	10	4	4.5	1	1	3.745278734	1	0
58	8	2.666666667	4.666666667	1	1	5.656803066	1	0
58	5	0.75	2	1	1	6.787569751	1	0
58	6	2.333333333	1.666666667	1	1	4.657836433	1	0
58	9	4	3	1	1	1.741424775	1	0
58	1	2.333333333	3.333333333	1	1	5.466096082	1	0
58	4	4	2	1	1	1.426236112	1	0
58	2	1	5	1	1	1.901870849	1	0
58	3	0.25	4	1	1	7.48915264	1	0
58	7	1	0	1	1	4.520468789	1	0

59	10	4	4.5	1	1	3.74527878	1	0
59	8	2.666666667	4.666666667	1	1	5.656803135	1	0
59	5	0.75	2	1	1	6.787569844	1	0
59	6	2.333333333	1.666666667	1	1	4.657836503	1	0
59	9	4	3	1	1	1.741424798	1	0
59	1	2.333333333	3.333333333	1	1	5.466096151	1	0
59	4	4	2	1	1	1.426236135	1	0
59	2	1	5	1	1	1.901870872	1	0
59	3	0.25	4	1	1	7.489152732	1	0
59	7	1	0	1	1	4.520468859	1	0

60	10	4	4.5	1	1	3.745278809	1	0
60	8	2.666666667	4.666666667	1	1	5.656803178	1	0
60	5	0.75	2	1	1	6.787569902	1	0
60	6	2.333333333	1.666666667	1	1	4.657836546	1	0
60	9	4	3	1	1	1.741424812	1	0
60	1	2.333333333	3.333333333	1	1	5.466096195	1	0
60	4	4	2	1	1	1.42623615	1	0
60	2	1	5	1	1	1.901870887	1	0
60	3	0.25	4	1	1	7.48915279	1	0
60	7	1	0	1	1	4.520468903	1	0

61	10	4	4.5	1	1	3.745278827	1	0
61	8	2.666666667	4.666666667	1	1	5.656803206	1	0
61	5	0.75	2	1	1	6.787569938	1	0
61	6	2.333333333	1.666666667	1	1	4.657836574	1	0
61	9	4	3	1	1	1.741424821	1	0
61	1	2.333333333	3.333333333	1	1	5.466096222	1	0
61	4	4	2	1	1	1.426236159	1	0
61	2	1	5	1	1	1.901870896	1	0
61	3	0.25	4	1	1	7.489152826	1	0
61	7	1	0	1	1	4.52046893	1	0

62	10	4	4.5	1	1	3.745278838	1	0
62	8	2.666666667	4.666666667	1	1	5.656803223	1	0
62	5	0.75	2	1	1	6.787569961	1	0
62	6	2.333333333	1.666666667	1	1	4.657836591	1	0
62	9	4	3	1	1	1.741424827	1	0
62	1	2.333333333	3.333333333	1	1	5.466096239	1	0
62	4	4	2	1	1	1.426236165	1	0
62	2	1	5	1	1	1.901870902	1	0
62	3	0.25	4	1	1	7.489152849	1	0
62	7	1	0	1	1	4.520468947	1	0

63	10	4	4.5	1	1	3.745278846	1	0
63	8	2.666666667	4.666666667	1	1	5.656803233	1	0
63	5	0.75	2	1	1	6.787569976	1	0
63	6	2.333333333	1.666666667	1	1	4.657836602	1	0
63	9	4	3	1	1	1.741424831	1	0
63	1	2.333333333	3.333333333	1	1	5.46609625	1	0
63	4	4	2	1	1	1.426236168	1	0
63	2	1	5	1	1	1.901870905	1	0
63	3	0.25	4	1	1	7.489152864	1	0
63	7	1	0	1	1	4.520468958	1	0

64	10	4	4.5	1	1	3.74527885	1	0
64	8	2.666666667	4.666666667	1	1	5.65680324	1	0
64	5	0.75	2	1	1	6.787569985	1	0
64	6	2.333333333	1.666666667	1	1	4.657836608	1	0
64	9	4	3	1	1	1.741424833	1	0
64	1	2.333333333	3.333333333	1	1	5.466096257	1	0
64	4	4	2	1	1	1.426236171	1	0
64	2	1	5	1	1	1.901870907	1	0
64	3	0.25	4	1	1	7.489152873	1	0
64	7	1	0	1	1	4.520468965	1	0

65	10	4	4.5	1	1	3.745278853	1	0
65	8	2.666666667	4.666666667	1	1	5.656803245	1	0
65	5	0.75	2	1	1	6.78756999	1	0
65	6	2.333333333	1.666666667	1	1	4.657836613	1	0
65	9	4	3	1	1	1.741424834	1	0
65	1	2.333333333	3.333333333	1	1	5.466096261	1	0
65	4	4	2	1	1	1.426236172	1	0
65	2	1	5	1	1	1.901870909	1	0
65	3	0.25	4	1	1	7.489152878	1	0
65	7	1	0	1	1	4.520468969	1	0

66	10	4	4.5	1	1	3.745278855	1	0
66	8	2.666666667	4.666666667	1	1	5.656803247	1	0
66	5	0.75	2	1	1	6.787569994	1	0
66	6	2.333333333	1.666666667	1	1	4.657836615	1	0
66	9	4	3	1	1	1.741424835	1	0
66	1	2.333333333	3.333333333	1	1	5.466096264	1	0
66	4	4	2	1	1	1.426236173	1	0
66	2	1	5	1	1	1.90187091	1	0
66	3	0.25	4	1	1	7.489152882	1	0
66	7	1	0	1	1	4.520468972	1	0

67	10	4	4.5	1	1	3.745278856	1	0
67	8	2.666666667	4.666666667	1	1	5.656803249	1	0
67	5	0.75	2	1	1	6.787569996	1	0
67	6	2.333333333	1.666666667	1	1	4.657836617	1	0
67	9	4	3	1	1	1.741424836	1	0
67	1	2.333333333	3.333333333	1	1	5.466096265	1	0
67	4	4	2	1	1	1.426236173	1	0
67	2	1	5	1	1	1.90187091	1	0
67	3	0.25	4	1	1	7.489152884	1	0
67	7	1	0	1	1	4.520468974	1	0

68	10	4	4.5	1	1	3.745278856	1	0
68	8	2.666666667	4.666666667	1	1	5.65680325	1	0
68	5	0.75	2	1	1	6.787569998	1	0
68	6	2.333333333	1.666666667	1	1	4.657836618	1	0
68	9	4	3	1	1	1.741424836	1	0
68	1	2.333333333	3.333333333	1	1	5.466096266	1	0
68	4	4	2	1	1	1.426236174	1	0
68	2	1	5	1	1	1.901870911	1	0
68	3	0.25	4	1	1	7.489152886	1	0
68	7	1	0	1	1	4.520468975	1	0

69	10	4	4.5	1	1	3.745278857	1	0
69	8	2.666666667	4.666666667	1	1	5.656803251	1	0
69	5	0.75	2	1	1	6.787569998	1	0
69	6	2.333333333	1.666666667	1	1	4.657836619	1	0
69	9	4	3	1	1	1.741424836	1	0
69	1	2.333333333	3.333333333	1	1	5.466096267	1	0
69	4	4	2	1	1	1.426236174	1	0
69	2	1	5	1	1	1.901870911	1	0
69	3	0.25	4	1	1	7.489152887	1	0
69	7	1	0	1	1	4.520468975	1	0

70	10	4	4.5	1	1	3.745278857	1	0
70	8	2.666666667	4.666666667	1	1	5.656803251	1	0
70	5	0.75	2	1	1	6.787569999	1	0
70	6	2.333333333	1.666666667	1	1	4.657836619	1	0
70	9	4	3	1	1	1.741424836	1	0
70	1	2.333333333	3.333333333	1	1	5.466096268	1	0
70	4	4	2	1	1	1.426236174	1	0
70	2	1	5	1	1	1.901870911	1	0
70	3	0.25	4	1	1	7.489152887	1	0
70	7	1	0	1	1	4.520468976	1	0

71	10	4	4.5	1	1	3.745278857	1	0
71	8	2.666666667	4.666666667	1	1	5.656803251	1	0
71	5	0.75	2	1	1	6.787569999	1	0
71	6	2.333333333	1.666666667	1	1	4.657836619	1	0
71	9	4	3	1	1	1.741424837	1	0
71	1	2.333333333	3.333333333	1	1	5.466096268	1	0
71	4	4	2	1	1	1.426236174	1	0
71	2	1	5	1	1	1.901870911	1	0
71	3	0.25	4	1	1	7.489152887	1	0
71	7	1	0	1	1	4.520468976	1	0

72	10	4	4.5	1	1	3.745278857	1	0
72	8	2.666666667	4.666666667	1	1	5.656803251	1	0
72	5	0.75	2	1	1	6.78757	1	0
72	6	2.333333333	1.666666667	1	1	4.65783662	1	0
72	9	4	3	1	1	1.741424837	1	0
72	1	2.333333333	3.333333333	1	1	5.466096268	1	0
72	4	4	2	1	1	1.426236174	1	0
72	2	1	5	1	1	1.901870911	1	0
72	3	0.25	4	1	1	7.489152888	1	0
72	7	1	0	1	1	4.520468976	1	0

73	10	4	4.5	1	1	3.745278858	1	0
73	8	2.666666667	4.666666667	1	1	5.656803251	1	0
73	5	0.75	2	1	1	6.78757	1	0
73	6	2.333333333	1.666666667	1	1	4.65783662	1	0
73	9	4	3	1	1	1.741424837	1	0
73	1	2.333333333	3.333333333	1	1	5.466096268	1	0
73	4	4	2	1	1	1.426236174	1	0
73	2	1	5	1	1	1.901870911	1	0
73	3	0.25	4	1	1	7.489152888	1	0
73	7	1	0	1	1	4.520468976	1	0

74	10	4	4.5	1	1	3.745278858	1	0
74	8	2.666666667	4.666666667	1	1	5.656803252	1	0
74	5	0.75	2	1	1	6.78757	1	0
74	6	2.333333333	1.666666667	1	1	4.65783662	1	0
74	9	4	3	1	1	1.741424837	1	0
74	1	2.333333333	3.333333333	1	1	5.466096268	1	0
74	4	4	2	1	1	1.426236174	1	0
74	2	1	5	1	1	1.901870911	1	0
74	3	0.25	4	1	1	7.489152888	1	0
74	7	1	0	1	1	4.520468976	1	0

75	10	4	4.5	1	1	3.745278858	1	0
75	8	2.666666667	4.666666667	1	1	5.656803252	1	0
75	5	0.75	2	1	1	6.78757	1	0
75	6	2.333333333	1.666666667	1	1	4.65783662	1	0
75	9	4	3	1	1	1.741424837	1	0
75	1	2.333333333	3.333333333	1	1	5.466096268	1	0
75	4	4	2	1	1	1.426236174	1	0
75	2	1	5	1	1	1.901870911	1	0
75	3	0.25	4	1	1	7.489152888	1	0
75	7	1	0	1	1	4.520468976	1	0

76	10	4	4.5	1	1	3.745278858	1	0
76	8	2.666666667	4.666666667	1	1	5.656803252	1	0
76	5	0.75	2	1	1	6.78757	1	0
76	6	2.333333333	1.666666667	1	1	4.65783662	1	0
76	9	4	3	1	1	1.741424837	1	0
76	1	2.333333333	3.333333333	1	1	5.466096268	1	0
76	4	4	2	1	1	1.426236174	1	0
76	2	1	5	1	1	1.901870911	1	0
76	3	0.25	4	1	1	7.489152888	1	0
76	7	1	0	1	1	4.520468976	1	0

77	10	4	4.5	1	1	3.745278858	1	0
77	8	2.666666667	4.666666667	1	1	5.656803252	1	0
77	5	0.75	2	1	1	6.78757	1	0
77	6	2.333333333	1.666666667	1	1	4.65783662	1	0
77	9	4	3	1	1	1.741424837	1	0
77	1	2.333333333	3.333333333	1	1	5.466096268	1	0
77	4	4	2	1	1	1.426236174	1	0
77	2	1	5	1	1	1.901870911	1	0
77	3	0.25	4	1	1	7.489152888	1	0
77	7	1	0	1	1	4.520468976	1	0

78	10	4	4.5	1	1	3.745278858	1	0
78	8	2.666666667	4.666666667	1	1	5.656803252	1	0
78	5	0.75	2	1	1	6.78757	1	0
78	6	2.333333333	1.666666667	1	1	4.65783662	1	0
78	9	4	3	1	1	1.741424837	1	0
78	1	2.333333333	3.333333333	1	1	5.466096268	1	0
78	4	4	2	1	1	1.426236174	1	0
78	2	1	5	1	1	1.901870911	1	0
78	3	0.25	4	1	1	7.489152888	1	0
78	7	1	0	1	1	4.520468976	1	0

79	10	4	4.5	1	1	3.745278858	1	0
79	8	2.666666667	4.666666667	1	1	5.656803252	1	0
79	5	0.75	2	1	1	6.78757	1	0
79	6	2.333333333	1.666666667	1	1	4.65783662	1	0
79	9	4	3	1	1	1.741424837	1	0
79	1	2.333333333	3.333333333	1	1	5.466096268	1	0
79	4	4	2	1	1	1.426236174	1	0
79	2	1	5	1	1	1.901870911	1	0
79	3	0.25	4	1	1	7.489152888	1	0
79	7	1	0	1	1	4.520468976	1	0

80	10	4	4.5	1	1	3.745278858	1	0
80	8	2.666666667	4.666666667	1	1	5.656803252	1	0
80	5	0.75	2	1	1	6.78757	1	0
80	6	2.333333333	1.666666667	1	1	4.65783662	1	0
80	9	4	3	1	1	1.741424837	1	0
80	1	2.333333333	3.333333333	1	1	5.466096268	1	0
80	4	4	2	1	1	1.426236174	1	0
80	2	1	5	1	1	1.901870911	1	0
80	3	0.25	4	1	1	7.489152888	1	0
80	7	1	0	1	1	4.520468976	1	0

81	10	4	4.5	1	1	3.745278858	1	0
81	8	2.666666667	4.666666667	1	1	5.656803252	1	0
81	5	0.75	2	1	1	6.78757	1	0
81	6	2.333333333	1.666666667	1	1	4.65783662	1	0
81	9	4	3	1	1	1.741424837	1	0
81	1	2.333333333	3.333333333	1	1	5.466096268	1	0
81	4	4	2	1	1	1.426236174	1	0
81	2	1	5	1	1	1.901870911	1	0
81	3	0.25	4	1	1	7.489152888	1	0
81	7	1	0	1	1	4.520468976	1	0

82	10	4	4.5	1	1	3.745278858	1	0
82	8	2.666666667	4.666666667	1	1	5.656803252	1	0
82	5	0.75	2	1	1	6.78757	1	0
82	6	2.333333333	1.666666667	1	1	4.65783662	1	0
82	9	4	3	1	1	1.741424837	1	0
82	1	2.333333333	3.333333333	1	1	5.466096268	1	0
82	4	4	2	1	1	1.426236174	1	0
82	2	1	5	1	1	1.901870911	1	0
82	3	0.25	4	1	1	7.489152888	1	0
82	7	1	0	1	1	4.520468976	1	0

83	10	4	4.5	1	1	3.745278858	1	0
83	8	2.666666667	4.666666667	1	1	5.656803252	1	0
83	5	0.75	2	1	1	6.78757	1	0
83	6	2.333333333	1.666666667	1	1	4.65783662	1	0
83	9	4	3	1	1	1.741424837	1	0
83	1	2.333333333	3.333333333	1	1	5.466096268	1	0
83	4	4	2	1	1	1.426236174	1	0
83	2	1	5	1	1	1.901870911	1	0
83	3	0.25	4	1	1	7.489152888	1	0
83	7	1	0	1	1	4.520468976	1	0

84	10	4	4.5	1	1	3.745278858	1	0
84	8	2.666666667	4.666666667	1	1	5.656803252	1	0
84	5	0.75	2	1	1	6.78757	1	0
84	6	2.333333333	1.666666667	1	1	4.65783662	1	0
84	9	4	3	1	1	1.741424837	1	0
84	1	2.333333333	3.333333333	1	1	5.466096268	1	0
84	4	4	2	1	1	1.426236174	1	0
84	2	1	5	1	1	1.901870911	1	0
84	3	0.25	4	1	1	7.489152888	1	0
84	7	1	0	1	1	4.520468976	1	0

85	10	4	4.5	1	1	3.745278858	1	0
85	8	2.666666667	4.666666667	1	1	5.656803252	1	0
85	5	0.75	2	1	1	6.78757	1	0
85	6	2.333333333	1.666666667	1	1	4.65783662	1	0
85	9	4	3	1	1	1.741424837	1	0
85	1	2.333333333	3.333333333	1	1	5.466096268	1	0
85	4	4	2	1	1	1.426236174	1	0
85	2	1	5	1	1	1.901870911	1	0
85	3	0.25	4	1	1	7.489152888	1	0
85	7	1	0	1	1	4.520468976	1	0

86	10	4	4.5	1	1	3.745278858	1	0
86	8	2.666666667	4.666666667	1	1	5.656803252	1	0
86	5	0.75	2	1	1	6.78757	1	0
86	6	2.333333333	1.666666667	1	1	4.65783662	1	0
86	9	4	3	1	1	1.741424837	1	0
86	1	2.333333333	3.333333333	1	1	5.466096268	1	0
86	4	4	2	1	1	1.426236174	1	0
86	2	1	5	1	1	1.901870911	1	0
86	3	0.25	4	1	1	7.489152888	1	0
86	7	1	0	1	1	4.520468976	1	0

87	10	4	4.5	1	1	3.745278858	1	0
87	8	2.666666667	4.666666667	1	1	5.656803252	1	0
87	5	0.75	2	1	1	6.78757	1	0
87	6	2.333333333	1.666666667	1	1	4.65783662	1	0
87	9	4	3	1	1	1.741424837	1	0
87	1	2.333333333	3.333333333	1	1	5.466096268	1	0
87	4	4	2	1	1	1.426236174	1	0
87	2	1	5	1	1	1.901870911	1	0
87	3	0.25	4	1	1	7.489152888	1	0
87	7	1	0	1	1	4.520468976	1	0

88	10	4	4.5	1	1	3.745278858	1	0
88	8	2.666666667	4.666666667	1	1	5.656803252	1	0
88	5	0.75	2	1	1	6.78757	1	0
88	6	2.333333333	1.666666667	1	1	4.65783662	1	0
88	9	4	3	1	1	1.741424837	1	0
88	1	2.333333333	3.333333333	1	1	5.466096268	1	0
88	4	4	2	1	1	1.426236174	1	0
88	2	1	5	1	1	1.901870911	1	0
88	3	0.25	4	1	1	7.489152888	1	0
88	7	1	0	1	1	4.520468976	1	0

89	10	4	4.5	1	1	3.745278858	1	0
89	8	2.666666667	4.666666667	1	1	5.656803252	1	0
89	5	0.75	2	1	1	6.78757	1	0
89	6	2.333333333	1.666666667	1	1	4.65783662	1	0
89	9	4	3	1	1	1.741424837	1	0
89	1	2.333333333	3.333333333	1	1	5.466096268	1	0
89	4	4	2	1	1	1.426236174	1	0
89	2	1	5	1	1	1.901870911	1	0
89	3	0.25	4	1	1	7.489152888	1	0
89	7	1	0	1	1	4.520468976	1	0

90	10	4	4.5	1	1	3.745278858	1	0
90	8	2.666666667	4.666666667	1	1	5.656803252	1	0
90	5	0.75	2	1	1	6.78757	1	0
90	6	2.333333333	1.666666667	1	1	4.65783662	1	0
90	9	4	3	1	1	1.741424837	1	0
90	1	2.333333333	3.333333333	1	1	5.466096268	1	0
90	4	4	2	1	1	1.426236174	1	0
90	2	1	5	1	1	1.901870911	1	0
90	3	0.25	4	1	1	7.489152888	1	0
90	7	1	0	1	1	4.520468976	1	0

91	10	4	4.5	1	1	3.745278858	1	0
91	8	2.666666667	4.666666667	1	1	5.656803252	1	0
91	5	0.75	2	1	1	6.78757	1	0
91	6	2.333333333	1.666666667	1	1	4.65783662	1	0
91	9	4	3	1	1	1.741424837	1	0
91	1	2.333333333	3.333333333	1	1	5.466096268	1	0
91	4	4	2	1	1	1.426236174	1	0
91	2	1	5	1	1	1.901870911	1	0
91	3	0.25	4	1	1	7.489152888	1	0
91	7	1	0	1	1	4.520468976	1	0

92	10	4	4.5	1	1	3.745278858	1	0
92	8	2.666666667	4.666666667	1	1	5.656803252	1	0
92	5	0.75	2	1	1	6.78757	1	0
92	6	2.333333333	1.666666667	1	1	4.65783662	1	0
92	9	4	3	1	1	1.741424837	1	0
92	1	2.333333333	3.333333333	1	1	5.466096268	1	0
92	4	4	2	1	1	1.426236174	1	0
92	2	1	5	1	1	1.901870911	1	0
92	3	0.25	4	1	1	7.489152888	1	0
92	7	1	0	1	1	4.520468976	1	0

93	10	4	4.5	1	1	3.745278858	1	0
93	8	2.666666667	4.666666667	1	1	5.656803252	1	0
93	5	0.75	2	1	1	6.78757	1	0
93	6	2.333333333	1.666666667	1	1	4.65783662	1	0
93	9	4	3	1	1	1.741424837	1	0
93	1	2.333333333	3.333333333	1	1	5.466096268	1	0
93	4	4	2	1	1	1.426236174	1	0
93	2	1	5	1	1	1.901870911	1	0
93	3	0.25	4	1	1	7.489152888	1	0
93	7	1	0	1	1	4.520468976	1	0

94	10	4	4.5	1	1	3.745278858	1	0
94	8	2.666666667	4.666666667	1	1	5.656803252	1	0
94	5	0.75	2	1	1	6.78757	1	0
94	6	2.333333333	1.666666667	1	1	4.65783662	1	0
94	9	4	3	1	1	1.741424837	1	0
94	1	2.333333333	3.333333333	1	1	5.466096268	1	0
94	4	4	2	1	1	1.426236174	1	0
94	2	1	5	1	1	1.901870911	1	0
94	3	0.25	4	1	1	7.489152888	1	0
94	7	1	0	1	1	4.520468976	1	0

95	10	4	4.5	1	1	3.745278858	1	0
95	8	2.666666667	4.666666667	1	1	5.656803252	1	0
95	5	0.75	2	1	1	6.78757	1	0
95	6	2.333333333	1.666666667	1	1	4.65783662	1	0
95	9	4	3	1	1	1.741424837	1	0
95	1	2.333333333	3.333333333	1	1	5.466096268	1	0
95	4	4	2	1	1	1.426236174	1	0
95	2	1	5	1	1	1.901870911	1	0
95	3	0.25	4	1	1	7.489152888	1	0
95	7	1	0	1	1	4.520468976	1	0

96	10	4	4.5	1	1	3.745278858	1	0
96	8	2.666666667	4.666666667	1	1	5.656803252	1	0
96	5	0.75	2	1	1	6.78757	1	0
96	6	2.333333333	1.666666667	1	1	4.65783662	1	0
96	9	4	3	1	1	1.741424837	1	0
96	1	2.333333333	3.333333333	1	1	5.466096268	1	0
96	4	4	2	1	1	1.426236174	1	0
96	2	1	5	1	1	1.901870911	1	0
96	3	0.25	4	1	1	7.489152888	1	0
96	7	1	0	1	1	4.520468976	1	0

97	10	4	4.5	1	1	3.745278858	1	0
97	8	2.666666667	4.666666667	1	1	5.656803252	1	0
97	5	0.75	2	1	1	6.78757	1	0
97	6	2.333333333	1.666666667	1	1	4.65783662	1	0
97	9	4	3	1	1	1.741424837	1	0
97	1	2.333333333	3.333333333	1	1	5.466096268	1	0
97	4	4	2	1	1	1.426236174	1	0
97	2	1	5	1	1	1.901870911	1	0
97	3	0.25	4	1	1	7.489152888	1	0
97	7	1	0	1	1	4.520468976	1	0

98	10	4	4.5	1	1	3.745278858	1	0
98	8	2.666666667	4.666666667	1	1	5.656803252	1	0
98	5	0.75	2	1	1	6.78757	1	0
98	6	2.333333333	1.666666667	1	1	4.65783662	1	0
98	9	4	3	1	1	1.741424837	1	0
98	1	2.333333333	3.333333333	1	1	5.466096268	1	0
98	4	4	2	1	1	1.426236174	1	0
98	2	1	5	1	1	1.901870911	1	0
98	3	0.25	4	1	1	7.489152888	1	0
98	7	1	0	1	1	4.520468976	1	0

99	10	4	4.5	1	1	3.745278858	1	0
99	8	2.666666667	4.666666667	1	1	5.656803252	1	0
99	5	0.75	2	1	1	6.78757	1	0
99	6	2.333333333	1.666666667	1	1	4.65783662	1	0
99	9	4	3	1	1	1.741424837	1	0
99	1	2.333333333	3.333333333	1	1	5.466096268	1	0
99	4	4	2	1	1	1.426236174	1	0
99	2	1	5	1	1	1.901870911	1	0
99	3	0.25	4	1	1	7.489152888	1	0
99	7	1	0	1	1	4.520468976	1	0

100	10	4	4.5	1	1	3.745278858	1	0
100	8	2.666666667	4.666666667	1	1	5.656803252	1	0
100	5	0.75	2	1	1	6.78757	1	0
100	6	2.333333333	1.666666667	1	1	4.65783662	1	0
100	9	4	3	1	1	1.741424837	1	0
100	1	2.333333333	3.333333333	1	1	5.466096268	1	0
100	4	4	2	1	1	1.426236174	1	0
100	2	1	5	1	1	1.901870911	1	0
100	3	0.25	4	1	1	7.489152888	1	0
100	7	1	0	1	1	4.520468976	1	0

